policy,bw_mbit,obj_label,client,iteration,obj_bytes,rtt_nominal_ms,n_conn,n_iterations,fct_ms_mean,fct_ms_median,fct_ms_std,fct_ms_p95,goodput_mbps_mean,goodput_mbps_median,goodput_mbps_std,goodput_mbps_p95,trasferimento_ms_mean,trasferimento_ms_median,trasferimento_ms_std,trasferimento_ms_p95,retrans_mean,retrans_median,retrans_std,retrans_p95,srtt_ms_mean,srtt_ms_median,srtt_ms_std,srtt_ms_p95,iw_applied_mean,iw_applied_median,iw_applied_std,iw_applied_p95,max_cwnd_mean,max_cwnd_median,max_cwnd_std,max_cwnd_p95,retrans_flow_pct,penalties_total
statichigh,20,1M,h2,1,1048576,6.0,15,1,450.8323,450.635,0.8121,452.0152,18.607,18.6151,0.0334,18.6483,444.2657,444.137,0.7114,445.2923,0.0,0,0.0,0.0,10.0739,10.066,0.1495,10.3883,24.0,24,0.0,24.0,33.6667,34,0.488,34.0,0.0,0
statichigh,20,1M,h2,2,1048576,6.0,15,1,450.7751,450.542,4.0118,457.9599,18.6107,18.6189,0.1649,18.8549,443.9133,443.819,3.9929,451.3348,0.0,0,0.0,0.0,10.0531,10.032,0.0957,10.1779,24.0,24,0.0,24.0,33.4667,33,0.5164,34.0,0.0,0
statichigh,20,1M,h2,3,1048576,6.0,15,1,452.046,451.081,4.8537,460.2167,18.559,18.5967,0.1976,18.8013,445.3497,444.378,4.8852,453.4773,0.0,0,0.0,0.0,10.2793,10.044,0.9405,11.314,24.0,24,0.0,24.0,33.6,34,0.5071,34.0,0.0,0
statichigh,20,1M,h2,4,1048576,6.0,15,1,449.8414,449.634,2.7879,453.859,18.6486,18.6565,0.1151,18.7831,443.1072,442.898,2.6915,446.8623,0.0,0,0.0,0.0,10.0573,10.066,0.0742,10.1694,24.0,24,0.0,24.0,33.6,34,0.5071,34.0,0.0,0
statichigh,20,1M,h2,5,1048576,6.0,15,1,449.4871,448.825,3.0169,453.6407,18.6634,18.6902,0.124,18.8028,442.7585,442.125,2.9821,446.8315,0.0,0,0.0,0.0,10.0687,10.087,0.0895,10.1569,24.0,24,0.0,24.0,33.2667,33,0.4577,34.0,0.0,0
statichigh,20,1M,h2,6,1048576,6.0,15,1,452.1623,449.541,11.3181,466.1551,18.5623,18.6604,0.4323,18.8467,445.4358,443.03,11.3107,459.4845,0.0,0,0.0,0.0,9.9841,9.972,0.0716,10.0826,24.0,24,0.0,24.0,33.5333,34,0.5164,34.0,0.0,0
statichigh,20,1M,h2,7,1048576,6.0,15,1,448.7011,449.443,2.0798,451.2156,18.6957,18.6645,0.0868,18.83,442.0087,442.833,2.0766,444.4894,0.0,0,0.0,0.0,10.0976,10.089,0.1484,10.279,24.0,24,0.0,24.0,33.3333,33,0.488,34.0,0.0,0
statichigh,20,1M,h2,8,1048576,6.0,15,1,453.1359,452.112,2.3808,457.3258,18.5128,18.5543,0.0965,18.5877,446.3847,445.325,2.3704,450.5855,0.0,0,0.0,0.0,10.0563,10.057,0.0606,10.1409,24.0,24,0.0,24.0,33.4667,33,0.6399,34.3,0.0,0
statichigh,20,1M,h2,9,1048576,6.0,15,1,448.7607,448.695,1.6862,450.9867,18.6931,18.6956,0.0703,18.8045,442.0796,442.043,1.6297,444.2863,0.0,0,0.0,0.0,10.1373,10.105,0.146,10.4054,24.0,24,0.0,24.0,33.5333,34,0.5164,34.0,0.0,0
statichigh,20,1M,h2,10,1048576,6.0,15,1,448.1603,448.572,1.7232,450.3444,18.7181,18.7007,0.0721,18.8318,441.7347,442.109,1.6758,443.7126,0.0,0,0.0,0.0,10.0598,10.073,0.0629,10.1179,24.0,24,0.0,24.0,33.6667,34,0.488,34.0,0.0,0
statichigh,20,1M,h3,1,1048576,22.0,15,1,496.6642,496.424,3.1628,502.9955,16.8905,16.8981,0.1068,17.0158,471.8346,471.155,3.2325,478.642,0.0,0,0.0,0.0,25.2933,25.171,0.5118,25.7971,24.0,24,0.0,24.0,50.8,47,15.2793,64.7,0.0,0
statichigh,20,1M,h3,2,1048576,22.0,15,1,496.7187,495.055,9.0833,507.0772,16.893,16.9448,0.2929,17.1015,471.8267,469.737,9.1322,482.209,0.0,0,0.0,0.0,25.2797,25.185,0.2796,25.749,24.0,24,0.0,24.0,48.4667,47,5.6804,53.6,0.0,0
statichigh,20,1M,h3,3,1048576,22.0,15,1,496.5306,495.876,5.8906,509.2147,16.8966,16.9167,0.1977,17.1132,471.7623,471.152,6.2558,484.0392,0.0,0,0.0,0.0,25.5139,25.185,0.9648,27.3553,24.0,24,0.0,24.0,50.9333,47,15.2337,64.7,0.0,0
statichigh,20,1M,h3,4,1048576,22.0,15,1,496.1825,493.337,9.0844,508.1151,16.9113,17.0038,0.2956,17.1503,471.3955,469.128,8.9427,482.2928,0.0,0,0.0,0.0,25.2747,25.195,0.2778,25.8742,24.0,24,0.0,24.0,48.5333,47,5.9386,53.9,0.0,0
statichigh,20,1M,h3,5,1048576,22.0,15,1,493.6388,493.901,2.6594,497.2134,16.9939,16.9844,0.0917,17.1209,468.1715,468.313,2.2712,470.9122,0.0,0,0.0,0.0,25.1867,25.189,0.0529,25.2533,24.0,24,0.0,24.0,47.0,47,0.0,47.0,0.0,0
statichigh,20,1M,h3,6,1048576,22.0,15,1,497.4923,495.087,10.6854,513.292,16.8686,16.9437,0.3412,17.0654,472.4304,469.437,10.5075,487.6743,0.0,0,0.0,0.0,25.2133,25.172,0.2462,25.5305,24.0,24,0.0,24.0,46.7333,47,0.7037,47.0,0.0,0
statichigh,20,1M,h3,7,1048576,22.0,15,1,493.9694,494.064,3.1596,497.0029,16.9827,16.9788,0.1092,17.1917,468.7515,469.06,2.282,471.2217,0.0,0,0.0,0.0,25.1983,25.174,0.119,25.3381,24.0,24,0.0,24.0,48.4,47,5.9976,53.9,0.0,0
statichigh,20,1M,h3,8,1048576,22.0,15,1,497.1997,497.183,1.7767,500.0053,16.8719,16.8723,0.0602,16.9523,471.8109,471.658,1.325,473.6677,0.0,0,0.0,0.0,25.3544,25.193,0.3644,26.0688,24.0,24,0.0,24.0,51.4667,47,9.2495,69.3,0.0,0
statichigh,20,1M,h3,9,1048576,22.0,15,1,493.7105,492.927,2.1056,497.0011,16.9912,17.018,0.0723,17.0807,468.1447,468.207,2.0767,470.8488,0.0,0,0.0,0.0,25.2007,25.193,0.0882,25.3118,24.0,24,0.0,24.0,46.9333,47,0.2582,47.0,0.0,0
statichigh,20,1M,h3,10,1048576,22.0,15,1,492.9392,493.34,2.3838,495.5393,17.0179,17.0037,0.0829,17.1599,467.8448,468.309,2.0426,470.2526,0.0,0,0.0,0.0,25.2648,25.184,0.3825,25.6636,24.0,24,0.0,24.0,50.9333,47,15.2337,64.7,0.0,0
statichigh,20,1M,h4,1,1048576,52.0,15,1,620.634,620.257,6.7791,630.3414,13.5177,13.5244,0.1456,13.6964,561.7379,561.297,5.535,568.8532,0.0,0,0.0,0.0,55.5895,55.443,0.5701,56.8569,24.0,24,0.0,24.0,149.8,142,22.4633,203.8,0.0,0
statichigh,20,1M,h4,2,1048576,52.0,15,1,617.2067,616.105,4.917,623.8067,13.5921,13.6155,0.1086,13.7268,558.3634,557.652,4.707,566.5657,0.0,0,0.0,0.0,55.3243,55.212,0.2638,55.813,24.0,24,0.0,24.0,141.0667,141,0.9612,142.3,0.0,0
statichigh,20,1M,h4,3,1048576,52.0,15,1,617.4652,617.615,4.6732,624.7454,13.5863,13.5823,0.1029,13.751,558.5623,559.373,3.6564,564.0789,0.0,0,0.0,0.0,55.3471,55.33,0.2089,55.7147,24.0,24,0.0,24.0,140.9333,141,1.0998,142.0,0.0,0
statichigh,20,1M,h4,4,1048576,52.0,15,1,618.9483,618.402,5.4653,627.5459,13.554,13.565,0.1193,13.7042,560.3943,560.271,4.0493,566.3818,0.0,0,0.0,0.0,55.3547,55.291,0.1959,55.6709,24.0,24,0.0,24.0,140.9333,141,0.7988,142.0,0.0,0
statichigh,20,1M,h4,5,1048576,52.0,15,1,619.3525,619.918,5.0541,625.5849,13.545,13.5318,0.1107,13.7082,560.1617,560.89,3.591,565.0434,0.0,0,0.0,0.0,55.3279,55.274,0.1537,55.5642,24.0,24,0.0,24.0,141.1333,141,0.3519,142.0,0.0,0
statichigh,20,1M,h4,6,1048576,52.0,15,1,616.778,616.924,4.7251,625.3173,13.6014,13.5975,0.1037,13.7361,558.2859,557.812,3.8426,564.8505,0.0,0,0.0,0.0,55.4174,55.279,0.4493,55.9592,24.0,24,0.0,24.0,142.0,141,19.9499,160.0,0.0,0
statichigh,20,1M,h4,7,1048576,52.0,15,1,619.8009,618.523,8.2211,630.8059,13.5365,13.5623,0.1743,13.6956,560.893,558.912,7.5467,570.4836,0.0,0,0.0,0.0,55.2651,55.223,0.1371,55.5264,24.0,24,0.0,24.0,140.7333,141,0.9612,142.0,0.0,0
statichigh,20,1M,h4,8,1048576,52.0,15,1,618.6021,619.807,3.8956,623.4553,13.5611,13.5342,0.0856,13.7173,560.4776,560.822,2.7311,563.9132,0.0,0,0.0,0.0,55.3247,55.246,0.2171,55.7085,24.0,24,0.0,24.0,140.8667,141,0.9904,142.0,0.0,0
statichigh,20,1M,h4,9,1048576,52.0,15,1,619.2557,619.546,4.6742,625.4025,13.547,13.5399,0.1024,13.687,559.6225,559.098,3.1308,563.6341,0.0,0,0.0,0.0,55.3075,55.314,0.1479,55.5302,24.0,24,0.0,24.0,140.8,141,0.9411,142.0,0.0,0
statichigh,20,1M,h4,10,1048576,52.0,15,1,619.4877,620.416,2.4996,622.4395,13.5414,13.5209,0.0547,13.6244,560.2585,560.129,2.8193,565.3017,0.0,0,0.0,0.0,55.3715,55.348,0.2151,55.7272,24.0,24,0.0,24.0,141.3333,141,0.6172,142.0,0.0,0
statichigh-bpf,20,1M,h2,1,1048576,6.0,15,1,452.5587,449.881,11.3567,467.6526,18.5461,18.6463,0.4324,18.7914,445.8143,443.005,11.3639,461.0155,0.0,0,0.0,0.0,10.0359,10.049,0.1001,10.1491,24.0,24,0.0,24.0,33.4667,33,0.5164,34.0,0.0,0
statichigh-bpf,20,1M,h2,2,1048576,6.0,15,1,451.954,449.608,8.2699,463.224,18.5663,18.6576,0.3231,18.7809,445.2253,443.347,8.1753,455.5099,0.0,0,0.0,0.0,10.0386,10.065,0.0975,10.1579,24.0,24,0.0,24.0,33.4,33,0.7368,34.3,0.0,0
statichigh-bpf,20,1M,h2,3,1048576,6.0,15,1,450.7391,449.973,4.1939,457.1498,18.6123,18.6425,0.1701,18.7832,443.9864,443.392,4.2113,450.5378,0.0,0,0.0,0.0,10.2147,10.055,0.626,10.8246,24.0,24,0.0,24.0,33.4667,33,0.5164,34.0,0.0,0
statichigh-bpf,20,1M,h2,4,1048576,6.0,15,1,449.0906,449.488,1.8319,451.3081,18.6794,18.6626,0.0763,18.8035,442.3825,442.737,1.7862,444.4507,0.0,0,0.0,0.0,10.0453,10.056,0.0904,10.1541,24.0,24,0.0,24.0,33.4667,33,0.5164,34.0,0.0,0
statichigh-bpf,20,1M,h2,5,1048576,6.0,15,1,450.3534,449.344,6.1297,459.1909,18.6298,18.6686,0.2455,18.853,443.6739,442.633,6.1678,452.6227,0.0,0,0.0,0.0,10.0727,10.101,0.0674,10.1388,24.0,24,0.0,24.0,33.6,34,0.6325,34.3,0.0,0
statichigh-bpf,20,1M,h2,6,1048576,6.0,15,1,449.1204,449.697,2.4937,451.8052,18.6784,18.6539,0.1041,18.8436,442.3873,443.169,2.4359,445.0807,0.0,0,0.0,0.0,10.0943,10.099,0.0919,10.2527,24.0,24,0.0,24.0,33.5333,33,0.6399,34.3,0.0,0
statichigh-bpf,20,1M,h2,7,1048576,6.0,15,1,451.2637,451.585,2.1889,454.0642,18.5896,18.5759,0.0906,18.7171,444.2965,444.724,2.0551,447.0147,0.0,0,0.0,0.0,10.078,10.026,0.1975,10.3604,24.0,24,0.0,24.0,33.4,33,0.5071,34.0,0.0,0
statichigh-bpf,20,1M,h2,8,1048576,6.0,15,1,449.6575,449.361,2.209,452.7551,18.656,18.6679,0.0915,18.778,442.9856,442.541,2.1945,446.1235,0.0,0,0.0,0.0,10.1829,10.121,0.1481,10.4524,24.0,24,0.0,24.0,33.4,33,0.5071,34.0,0.0,0
statichigh-bpf,20,1M,h2,9,1048576,6.0,15,1,450.7371,448.906,7.2096,459.0668,18.6151,18.6868,0.2843,18.7908,444.0065,442.059,7.1928,452.3308,0.0,0,0.0,0.0,10.0702,10.078,0.0801,10.1836,24.0,24,0.0,24.0,33.6667,34,0.488,34.0,0.0,0
statichigh-bpf,20,1M,h2,10,1048576,6.0,15,1,448.1443,448.555,1.9688,450.3511,18.7189,18.7014,0.0824,18.8557,441.7597,442.166,1.9189,443.9881,0.0,0,0.0,0.0,10.0735,10.092,0.0514,10.1209,24.0,24,0.0,24.0,33.6,34,0.5071,34.0,0.0,0
statichigh-bpf,20,1M,h3,1,1048576,22.0,15,1,495.0979,494.983,2.0937,497.9834,16.9436,16.9473,0.0717,17.0639,469.666,469.426,2.0709,472.9079,0.0,0,0.0,0.0,25.24,25.189,0.2329,25.5163,24.0,24,0.0,24.0,48.5333,47,5.9386,53.9,0.0,0
statichigh-bpf,20,1M,h3,2,1048576,22.0,15,1,493.1327,492.794,3.4233,498.3855,17.0116,17.0225,0.1183,17.1943,468.9424,468.9,3.0285,473.8552,0.0,0,0.0,0.0,25.3291,25.181,0.4341,26.2043,24.0,24,0.0,24.0,52.4667,47,15.9502,80.8,0.0,0
statichigh-bpf,20,1M,h3,3,1048576,22.0,15,1,494.907,494.705,3.4677,499.7099,16.9506,16.9568,0.1183,17.1007,469.6087,469.524,3.3088,474.1451,0.0,0,0.0,0.0,25.2712,25.155,0.4111,25.7551,24.0,24,0.0,24.0,50.9333,47,15.2337,64.7,0.0,0
statichigh-bpf,20,1M,h3,4,1048576,22.0,15,1,493.5807,494.387,2.5904,496.9881,16.9958,16.9677,0.0893,17.1303,468.0041,468.146,2.6926,471.6336,0.0,0,0.0,0.0,25.1896,25.187,0.0566,25.278,24.0,24,0.0,24.0,47.0,47,0.0,47.0,0.0,0
statichigh-bpf,20,1M,h3,5,1048576,22.0,15,1,494.2207,494.159,3.6582,499.7876,16.9743,16.9755,0.1253,17.1422,469.2439,469.107,3.5815,474.433,0.0,0,0.0,0.0,25.3911,25.163,0.4927,26.3399,24.0,24,0.0,24.0,53.6667,47,16.3518,80.1,0.0,0
statichigh-bpf,20,1M,h3,6,1048576,22.0,15,1,493.7245,494.286,2.2533,496.4152,16.9908,16.9712,0.0775,17.1118,468.5765,468.566,2.6345,472.1654,0.0,0,0.0,0.0,25.1733,25.181,0.0923,25.2897,24.0,24,0.0,24.0,47.0,47,0.0,47.0,0.0,0
statichigh-bpf,20,1M,h3,7,1048576,22.0,15,1,495.9548,495.994,3.5792,501.3344,16.9149,16.9127,0.1207,17.0501,470.9955,470.565,3.3535,477.116,0.0,0,0.0,0.0,25.2833,25.184,0.3815,25.6995,24.0,24,0.0,24.0,50.8667,47,14.9755,64.4,0.0,0
statichigh-bpf,20,1M,h3,8,1048576,22.0,15,1,495.9983,494.807,4.458,504.8085,16.9138,16.9533,0.1506,17.0611,469.6031,468.438,3.7451,474.4965,0.0,0,0.0,0.0,25.1918,25.183,0.0824,25.3205,24.0,24,0.0,24.0,46.8667,47,0.5164,47.0,0.0,0
statichigh-bpf,20,1M,h3,9,1048576,22.0,15,1,493.4938,494.531,2.4314,496.5828,16.9988,16.9628,0.0838,17.1185,468.2649,468.649,2.1583,471.0218,0.0,0,0.0,0.0,25.1961,25.192,0.0541,25.2749,24.0,24,0.0,24.0,47.0,47,0.0,47.0,0.0,0
statichigh-bpf,20,1M,h3,10,1048576,22.0,15,1,492.8223,492.846,2.5285,496.1794,17.022,17.0207,0.0875,17.1575,467.6805,468.242,2.3804,470.5324,0.0,0,0.0,0.0,25.1614,25.172,0.0548,25.2226,24.0,24,0.0,24.0,47.0,47,0.0,47.0,0.0,0
statichigh-bpf,20,1M,h4,1,1048576,52.0,15,1,620.1315,619.823,3.7479,625.1863,13.5276,13.5339,0.082,13.6439,560.5886,560.893,2.8959,564.0742,0.0,0,0.0,0.0,55.4084,55.243,0.4347,55.9661,24.0,24,0.0,24.0,145.3333,141,16.2378,160.6,0.0,0
statichigh-bpf,20,1M,h4,2,1048576,52.0,15,1,619.3954,615.419,13.0498,636.6259,13.5485,13.6307,0.2703,13.7363,561.5109,559.403,12.7156,576.298,0.0,0,0.0,0.0,55.4174,55.244,0.5936,56.3056,24.0,24,0.0,24.0,145.1333,141,16.3002,160.6,0.0,0
statichigh-bpf,20,1M,h4,3,1048576,52.0,15,1,618.9996,619.533,6.0178,626.199,13.5531,13.5402,0.1324,13.7895,559.7709,561.129,5.4497,567.2525,0.0,0,0.0,0.0,55.515,55.375,0.4562,56.1361,24.0,24,0.0,24.0,145.0667,141,15.229,159.4,0.0,0
statichigh-bpf,20,1M,h4,4,1048576,52.0,15,1,618.7753,619.444,4.6706,623.9605,13.5575,13.5422,0.1026,13.7163,559.3261,560.157,3.29,563.4367,0.0,0,0.0,0.0,55.3063,55.241,0.1557,55.6062,24.0,24,0.0,24.0,141.0667,141,0.7037,142.0,0.0,0
statichigh-bpf,20,1M,h4,5,1048576,52.0,15,1,621.1766,618.919,10.5801,634.0517,13.5079,13.5536,0.2209,13.6874,562.2131,560.944,10.548,574.4341,0.0,0,0.0,0.0,55.366,55.248,0.4395,55.8737,24.0,24,0.0,24.0,145.0,141,15.7797,160.0,0.0,0
statichigh-bpf,20,1M,h4,6,1048576,52.0,15,1,617.1321,617.59,4.1683,622.7392,13.5935,13.5828,0.092,13.7389,559.2889,559.489,2.622,563.5098,0.0,0,0.0,0.0,55.3521,55.247,0.2486,55.8511,24.0,24,0.0,24.0,140.7333,141,1.3345,142.0,0.0,0
statichigh-bpf,20,1M,h4,7,1048576,52.0,15,1,617.9264,615.516,5.6913,626.3053,13.5765,13.6286,0.1246,13.7159,560.5583,561.107,5.5556,568.408,0.0,0,0.0,0.0,55.5829,55.221,0.6352,56.945,24.0,24,0.0,24.0,145.0,141,15.7843,160.0,0.0,0
statichigh-bpf,20,1M,h4,8,1048576,52.0,15,1,620.8075,619.318,6.0958,630.0552,13.5136,13.5449,0.1302,13.6202,562.1056,560.877,6.9448,571.8264,0.0,0,0.0,0.0,55.8456,55.311,1.9087,57.8597,24.0,24,0.0,24.0,141.3333,141,0.6172,142.0,0.0,0
statichigh-bpf,20,1M,h4,9,1048576,52.0,15,1,618.1515,618.976,4.7489,623.4206,13.5712,13.5524,0.1047,13.7296,559.2791,560.546,3.4061,562.426,0.0,0,0.0,0.0,55.3869,55.26,0.4329,55.884,24.0,24,0.0,24.0,144.9333,141,15.7954,159.3,0.0,0
statichigh-bpf,20,1M,h4,10,1048576,52.0,15,1,618.2113,620.05,4.9582,622.6183,13.57,13.5289,0.1101,13.7355,558.8738,560.335,3.8321,563.0691,0.0,0,0.0,0.0,55.2861,55.287,0.0936,55.4371,24.0,24,0.0,24.0,141.0667,141,0.2582,141.3,0.0,0
statichigh,20,200K,h2,1,204800,6.0,15,1,98.4091,97.996,1.0481,99.9638,16.6506,16.719,0.173,16.7771,91.7424,91.473,0.9781,93.0294,0.0,0,0.0,0.0,10.1103,9.931,0.6493,11.0072,24.0,24,0.0,24.0,33.2,33,0.414,34.0,0.0,0
statichigh,20,200K,h2,2,204800,6.0,15,1,98.5794,98.371,1.1693,99.9091,16.6222,16.6553,0.1903,16.7567,91.8654,91.634,1.1469,93.1258,0.0,0,0.0,0.0,9.9389,9.958,0.2033,10.2312,24.0,24,0.0,24.0,33.4667,33,0.6399,34.3,0.0,0
statichigh,20,200K,h2,3,204800,6.0,15,1,98.2905,98.203,0.4758,99.1205,16.6693,16.6838,0.0806,16.7848,91.6109,91.546,0.4237,92.4313,0.0,0,0.0,0.0,9.9171,9.939,0.1066,10.0422,24.0,24,0.0,24.0,33.3333,33,0.488,34.0,0.0,0
statichigh,20,200K,h2,4,204800,6.0,15,1,98.3837,98.318,0.3223,98.8683,16.6533,16.6643,0.0544,16.7131,91.586,91.498,0.2563,91.9698,0.0,0,0.0,0.0,9.9565,9.951,0.1189,10.1599,24.0,24,0.0,24.0,33.7333,34,0.7037,35.0,0.0,0
statichigh,20,200K,h2,5,204800,6.0,15,1,98.3109,98.352,0.2009,98.5142,16.6656,16.6585,0.0341,16.7184,91.6202,91.653,0.1576,91.8293,0.0,0,0.0,0.0,9.9695,9.965,0.1062,10.0814,24.0,24,0.0,24.0,33.4,33,0.5071,34.0,0.0,0
statichigh,20,200K,h2,6,204800,6.0,15,1,98.7377,98.415,0.7283,100.2068,16.5943,16.6479,0.1212,16.6933,91.9733,91.688,0.715,93.442,0.0,0,0.0,0.0,9.9311,9.945,0.117,10.1036,24.0,24,0.0,24.0,33.4667,34,0.6399,34.0,0.0,0
statichigh,20,200K,h2,7,204800,6.0,15,1,98.5448,98.233,0.9703,100.0378,16.6274,16.6787,0.1599,16.723,91.7607,91.432,0.9672,93.3953,0.0,0,0.0,0.0,9.9801,9.992,0.1737,10.194,24.0,24,0.0,24.0,33.3333,33,0.488,34.0,0.0,0
statichigh,20,200K,h2,8,204800,6.0,15,1,99.0269,98.788,0.8086,100.4375,16.546,16.585,0.134,16.6783,92.2449,92.122,0.7705,93.6408,0.0,0,0.0,0.0,9.9099,9.914,0.0906,10.0304,24.0,24,0.0,24.0,33.2,33,0.414,34.0,0.0,0
statichigh,20,200K,h2,9,204800,6.0,15,1,98.5693,98.371,0.4684,99.4735,16.6222,16.6553,0.0785,16.6968,91.7913,91.679,0.4333,92.6103,0.0,0,0.0,0.0,9.9742,9.98,0.0441,10.0279,24.0,24,0.0,24.0,33.5333,34,0.5164,34.0,0.0,0
statichigh,20,200K,h2,10,204800,6.0,15,1,97.7745,97.776,0.3601,98.1656,16.7571,16.7567,0.062,16.8409,91.323,91.336,0.3311,91.6729,0.0,0,0.0,0.0,9.9821,10.0,0.0799,10.0595,24.0,24,0.0,24.0,33.4,33,0.5071,34.0,0.0,0
statichigh,20,200K,h3,1,204800,22.0,15,1,141.9597,142.086,1.4756,143.4725,11.5425,11.531,0.1204,11.7214,117.5993,117.839,0.7759,118.6308,0.0,0,0.0,0.0,25.1241,25.066,0.1862,25.3464,24.0,24,0.0,24.0,46.8667,47,0.5164,47.0,0.0,0
statichigh,20,200K,h3,2,204800,22.0,15,1,143.3358,143.501,2.0519,145.7262,11.4327,11.4173,0.1621,11.6368,118.3479,118.227,1.3933,119.8694,0.0,0,0.0,0.0,25.422,25.074,1.3222,26.7005,24.0,24,0.0,24.0,50.7333,47,14.738,64.1,0.0,0
statichigh,20,200K,h3,3,204800,22.0,15,1,143.1587,143.509,1.4991,145.0509,11.4458,11.4167,0.1206,11.6561,117.8025,117.891,0.8764,118.9029,0.0,0,0.0,0.0,25.1084,25.067,0.1645,25.3011,24.0,24,0.0,24.0,48.2,47,5.7966,53.6,0.0,0
statichigh,20,200K,h3,4,204800,22.0,15,1,143.3051,143.971,1.4121,144.6243,11.434,11.3801,0.1137,11.6186,118.0835,118.309,0.794,118.7719,0.0,0,0.0,0.0,25.0919,25.071,0.0476,25.1801,24.0,24,0.0,24.0,47.0,47,0.0,47.0,0.0,0
statichigh,20,200K,h3,5,204800,22.0,15,1,143.4381,143.877,1.168,144.6543,11.4231,11.3875,0.0939,11.5922,117.7103,118.061,0.7893,118.3791,0.0,0,0.0,0.0,25.0681,25.07,0.0358,25.126,24.0,24,0.0,24.0,47.0,47,0.0,47.0,0.0,0
statichigh,20,200K,h3,6,204800,22.0,15,1,142.4537,142.471,1.3317,144.3499,11.5022,11.4999,0.1074,11.6388,117.9121,118.016,0.7895,118.8055,0.0,0,0.0,0.0,25.0877,25.078,0.0547,25.1753,24.0,24,0.0,24.0,47.0,47,0.0,47.0,0.0,0
statichigh,20,200K,h3,7,204800,22.0,15,1,142.8803,143.3,1.5439,144.4627,11.4682,11.4334,0.1249,11.7051,117.6118,118.101,0.8776,118.424,0.0,0,0.0,0.0,25.1968,25.114,0.2348,25.614,24.0,24,0.0,24.0,48.5333,47,5.9386,53.9,0.0,0
statichigh,20,200K,h3,8,204800,22.0,15,1,142.6162,143.077,1.52,144.2127,11.4894,11.4512,0.1239,11.7458,117.8243,118.205,0.8401,118.6982,0.0,0,0.0,0.0,25.1147,25.129,0.0746,25.234,24.0,24,0.0,24.0,47.0,47,0.0,47.0,0.0,0
statichigh,20,200K,h3,9,204800,22.0,15,1,143.1107,143.371,1.3837,144.7838,11.4495,11.4277,0.1111,11.6227,118.1902,118.316,0.4242,118.589,0.0,0,0.0,0.0,25.0989,25.1,0.0439,25.1673,24.0,24,0.0,24.0,46.8667,47,0.5164,47.0,0.0,0
statichigh,20,200K,h3,10,204800,22.0,15,1,142.4484,142.646,1.2204,143.7862,11.5025,11.4858,0.099,11.6456,117.1719,117.824,1.1189,118.3225,0.0,0,0.0,0.0,25.0588,25.073,0.0507,25.117,24.0,24,0.0,24.0,46.7333,47,0.7037,47.0,0.0,0
statichigh,20,200K,h4,1,204800,52.0,15,1,266.7159,267.502,2.8987,269.7577,6.1435,6.1248,0.0674,6.2707,207.6171,208.327,2.5722,211.1357,0.0,0,0.0,0.0,55.7566,55.756,0.0363,55.8062,24.0,24,0.0,24.0,141.7333,142,1.1629,143.0,0.0,0
statichigh,20,200K,h4,2,204800,52.0,15,1,266.9609,267.293,4.0003,273.2862,6.1385,6.1296,0.092,6.2656,208.4185,207.829,3.1243,212.239,0.0,0,0.0,0.0,55.789,55.762,0.0855,55.9458,24.0,24,0.0,24.0,143.5333,142,6.5886,150.2,0.0,0
statichigh,20,200K,h4,3,204800,52.0,15,1,265.9028,267.446,3.5301,269.3645,6.1627,6.1261,0.0826,6.2871,207.2102,207.107,2.4194,210.4043,0.0,0,0.0,0.0,55.759,55.774,0.2988,56.1262,24.0,24,0.0,24.0,144.0,142,16.5702,167.0,0.0,0
statichigh,20,200K,h4,4,204800,52.0,15,1,268.5947,268.999,3.7525,274.0373,6.101,6.0907,0.0854,6.2432,208.8825,209.131,2.282,212.2628,0.0,0,0.0,0.0,55.7269,55.749,0.2708,55.9888,24.0,24,0.0,24.0,138.4667,142,11.5627,142.3,0.0,0
statichigh,20,200K,h4,5,204800,52.0,15,1,269.1611,270.461,3.9481,273.4525,6.0883,6.0578,0.0903,6.2264,209.4048,209.24,2.5896,212.988,0.0,0,0.0,0.0,55.7703,55.759,0.0753,55.882,24.0,24,0.0,24.0,142.0,142,1.1952,143.0,0.0,0
statichigh,20,200K,h4,6,204800,52.0,15,1,270.1469,267.49,9.5261,282.742,6.0713,6.1251,0.1973,6.2179,211.0087,209.633,9.458,222.2878,0.0,0,0.0,0.0,55.7483,55.761,0.2512,56.0764,24.0,24,0.0,24.0,139.2,142,9.7921,142.0,0.0,0
statichigh,20,200K,h4,7,204800,52.0,15,1,267.1015,266.487,3.4135,271.6788,6.1349,6.1481,0.0785,6.2604,207.9065,208.386,2.9692,211.4414,0.0,0,0.0,0.0,55.7428,55.726,0.0695,55.8554,24.0,24,0.0,24.0,143.9333,142,6.3972,150.2,0.0,0
statichigh,20,200K,h4,8,204800,52.0,15,1,267.5336,266.804,3.3941,273.0497,6.125,6.1408,0.0774,6.2292,208.0387,207.772,2.783,211.8988,0.0,0,0.0,0.0,55.7701,55.766,0.1295,55.9213,24.0,24,0.0,24.0,142.9333,142,6.9124,150.2,0.0,0
statichigh,20,200K,h4,9,204800,52.0,15,1,268.9797,270.07,2.9038,272.3478,6.0918,6.0666,0.0662,6.1978,209.2341,210.103,2.3305,211.9879,0.0,0,0.0,0.0,55.7825,55.769,0.0766,55.8922,24.0,24,0.0,24.0,141.8667,142,1.1872,143.0,0.0,0
statichigh,20,200K,h4,10,204800,52.0,15,1,269.5005,270.589,3.9263,274.1599,6.0806,6.0549,0.0896,6.2402,210.1348,210.475,2.7158,213.1236,0.0,0,0.0,0.0,55.7377,55.728,0.065,55.8356,24.0,24,0.0,24.0,143.6,142,6.577,150.2,0.0,0
statichigh-bpf,20,200K,h2,1,204800,6.0,15,1,99.3327,99.43,1.0148,100.9583,16.4957,16.4779,0.168,16.7294,92.7763,92.789,0.9229,94.2322,0.0,0,0.0,0.0,9.9439,9.968,0.0788,10.0292,24.0,24,0.0,24.0,33.2667,33,0.7988,34.0,0.0,0
statichigh-bpf,20,200K,h2,2,204800,6.0,15,1,99.2433,98.411,3.0193,102.6054,16.5219,16.6485,0.4578,16.7186,92.4803,91.513,3.0032,95.8579,0.0,0,0.0,0.0,10.0198,9.968,0.3986,10.4361,24.0,24,0.0,24.0,34.6667,34,4.5461,39.1,0.0,0
statichigh-bpf,20,200K,h2,3,204800,6.0,15,1,98.8854,98.413,1.497,101.881,16.5721,16.6482,0.2427,16.7279,91.7693,91.586,0.697,92.8866,0.0,0,0.0,0.0,9.9554,9.987,0.1367,10.1704,24.0,24,0.0,24.0,33.3333,33,0.488,34.0,0.0,0
statichigh-bpf,20,200K,h2,4,204800,6.0,15,1,98.4657,98.469,0.1935,98.7464,16.6394,16.6387,0.0327,16.6843,91.6731,91.67,0.1534,91.879,0.0,0,0.0,0.0,9.9451,9.974,0.0894,10.0254,24.0,24,0.0,24.0,33.3333,33,0.488,34.0,0.0,0
statichigh-bpf,20,200K,h2,5,204800,6.0,15,1,98.7045,98.37,1.3621,100.1843,16.6019,16.6555,0.2194,16.7084,92.0069,91.617,1.3875,93.5777,0.0,0,0.0,0.0,10.0056,9.972,0.2501,10.512,24.0,24,0.0,24.0,33.6667,34,0.6172,34.3,0.0,0
statichigh-bpf,20,200K,h2,6,204800,6.0,15,1,98.582,98.597,0.4516,99.2863,16.62,16.6171,0.0758,16.7118,91.8197,91.732,0.4539,92.4925,0.0,0,0.0,0.0,9.9217,9.94,0.0933,10.0354,24.0,24,0.0,24.0,33.4,33,0.5071,34.0,0.0,0
statichigh-bpf,20,200K,h2,7,204800,6.0,15,1,98.3858,98.32,0.2721,98.8736,16.6529,16.664,0.0459,16.7016,91.6625,91.622,0.2535,92.1152,0.0,0,0.0,0.0,9.9096,9.915,0.1089,10.0404,24.0,24,0.0,24.0,33.4667,33,0.5164,34.0,0.0,0
statichigh-bpf,20,200K,h2,8,204800,6.0,15,1,98.6144,98.536,0.2411,98.991,16.6143,16.6274,0.0405,16.6564,91.8827,91.83,0.1785,92.1862,0.0,0,0.0,0.0,9.9601,9.951,0.0686,10.054,24.0,24,0.0,24.0,33.2667,33,0.4577,34.0,0.0,0
statichigh-bpf,20,200K,h2,9,204800,6.0,15,1,98.3673,98.48,0.4414,98.7248,16.6563,16.6369,0.0755,16.7553,91.6375,91.703,0.3826,91.9467,0.0,0,0.0,0.0,9.9093,9.946,0.1076,10.0229,24.0,24,0.0,24.0,33.4,33,0.5071,34.0,0.0,0
statichigh-bpf,20,200K,h2,10,204800,6.0,15,1,97.7617,97.706,0.3406,98.2632,16.7593,16.7687,0.0581,16.8279,91.3977,91.373,0.3065,91.8684,0.0,0,0.0,0.0,9.9192,9.955,0.1244,10.0253,24.0,24,0.0,24.0,33.4,33,0.5071,34.0,0.0,0
statichigh-bpf,20,200K,h3,1,204800,22.0,15,1,144.0591,144.08,1.7119,146.0877,11.3746,11.3715,0.1363,11.633,119.0861,119.748,1.4412,121.1902,0.0,0,0.0,0.0,25.0801,25.05,0.1221,25.241,24.0,24,0.0,24.0,46.8667,47,0.5164,47.0,0.0,0
statichigh-bpf,20,200K,h3,2,204800,22.0,15,1,144.0301,143.637,2.0157,147.6016,11.3774,11.4065,0.1565,11.5631,118.9185,118.413,2.1227,123.3276,0.0,0,0.0,0.0,25.1873,25.12,0.2141,25.4701,24.0,24,0.0,24.0,46.8,47,0.5606,47.0,0.0,0
statichigh-bpf,20,200K,h3,3,204800,22.0,15,1,142.1215,141.887,1.5599,144.6712,11.5295,11.5472,0.1262,11.7192,117.5358,117.813,1.0781,119.0275,0.0,0,0.0,0.0,25.1083,25.116,0.0488,25.1758,24.0,24,0.0,24.0,47.0,47,0.0,47.0,0.0,0
statichigh-bpf,20,200K,h3,4,204800,22.0,15,1,143.2737,143.69,1.0771,144.3584,11.4361,11.4023,0.0865,11.5857,118.1772,118.292,0.5756,118.8872,0.0,0,0.0,0.0,25.0921,25.101,0.0477,25.1588,24.0,24,0.0,24.0,46.7333,47,0.7037,47.0,0.0,0
statichigh-bpf,20,200K,h3,5,204800,22.0,15,1,143.5577,143.999,2.0479,146.5327,11.415,11.3779,0.1627,11.6568,118.381,118.184,1.2557,120.5475,0.0,0,0.0,0.0,25.1144,25.044,0.1722,25.4841,24.0,24,0.0,24.0,48.4667,47,5.6804,53.6,0.0,0
statichigh-bpf,20,200K,h3,6,204800,22.0,15,1,142.7325,143.145,1.2576,144.3277,11.4797,11.4457,0.1016,11.6358,117.5774,118.14,1.003,118.6299,0.0,0,0.0,0.0,25.3562,25.14,0.8231,26.4071,24.0,24,0.0,24.0,48.2667,47,5.7628,53.6,0.0,0
statichigh-bpf,20,200K,h3,7,204800,22.0,15,1,142.7746,143.197,1.495,144.3072,11.4766,11.4416,0.1212,11.6841,118.0137,118.253,0.7753,118.5666,0.0,0,0.0,0.0,25.0638,25.061,0.0614,25.1465,24.0,24,0.0,24.0,47.0,47,0.0,47.0,0.0,0
statichigh-bpf,20,200K,h3,8,204800,22.0,15,1,143.7016,143.388,2.5291,146.7077,11.4046,11.4263,0.1954,11.6543,118.4888,118.527,2.1058,121.0122,0.0,0,0.0,0.0,25.2376,25.076,0.6996,25.9333,24.0,24,0.0,24.0,48.5333,47,5.9386,53.9,0.0,0
statichigh-bpf,20,200K,h3,9,204800,22.0,15,1,143.5569,143.697,0.8016,144.6916,11.4132,11.4018,0.0637,11.4919,118.1583,118.312,0.5547,118.7639,0.0,0,0.0,0.0,25.0764,25.077,0.0423,25.1434,24.0,24,0.0,24.0,47.0,47,0.0,47.0,0.0,0
statichigh-bpf,20,200K,h3,10,204800,22.0,15,1,143.099,143.542,1.4665,144.2663,11.4506,11.4141,0.1197,11.6238,117.7791,118.068,0.8472,118.4768,0.0,0,0.0,0.0,25.0475,25.05,0.0527,25.114,24.0,24,0.0,24.0,47.0,47,0.0,47.0,0.0,0
statichigh-bpf,20,200K,h4,1,204800,52.0,15,1,269.4177,268.697,3.2874,274.8277,6.0821,6.0976,0.0741,6.1986,210.4347,210.374,2.9532,214.3027,0.0,0,0.0,0.0,55.7533,55.722,0.1224,55.9175,24.0,24,0.0,24.0,143.8667,142,6.4239,150.2,0.0,0
statichigh-bpf,20,200K,h4,2,204800,52.0,15,1,266.2055,265.513,3.2232,271.3673,6.1555,6.1707,0.0741,6.2491,208.1113,207.158,2.7455,213.1819,0.0,0,0.0,0.0,55.7835,55.768,0.1,55.9826,24.0,24,0.0,24.0,143.5333,142,6.5886,150.2,0.0,0
statichigh-bpf,20,200K,h4,3,204800,52.0,15,1,268.4539,267.038,5.2659,276.7942,6.1053,6.1355,0.1186,6.2508,210.0641,209.514,4.9129,217.8941,0.0,0,0.0,0.0,56.3154,55.841,1.4264,59.0141,24.0,24,0.0,24.0,146.4,142,10.9792,167.0,0.0,0
statichigh-bpf,20,200K,h4,4,204800,52.0,15,1,271.6225,271.729,2.1629,274.7027,6.0323,6.0295,0.0481,6.1034,211.5093,212.026,1.7639,213.307,0.0,0,0.0,0.0,55.7519,55.738,0.0469,55.8321,24.0,24,0.0,24.0,142.4667,142,0.5164,143.0,0.0,0
statichigh-bpf,20,200K,h4,5,204800,52.0,15,1,267.8258,268.315,3.2464,273.0814,6.1182,6.1063,0.074,6.22,209.0847,209.376,3.0229,213.0829,0.0,0,0.0,0.0,55.7747,55.749,0.1308,55.9635,24.0,24,0.0,24.0,144.4,142,6.4343,153.7,0.0,0
statichigh-bpf,20,200K,h4,6,204800,52.0,15,1,265.6374,266.183,3.8992,271.0483,6.169,6.1552,0.0904,6.2835,207.3973,207.834,2.7406,211.3755,0.0,0,0.0,0.0,55.7895,55.743,0.1012,55.9766,24.0,24,0.0,24.0,143.4,142,6.6847,150.2,0.0,0
statichigh-bpf,20,200K,h4,7,204800,52.0,15,1,266.1836,265.731,3.6542,271.0684,6.1562,6.1656,0.0846,6.2725,207.7507,208.509,2.5838,211.605,0.0,0,0.0,0.0,55.7437,55.737,0.0223,55.7766,24.0,24,0.0,24.0,141.8667,142,1.1872,143.0,0.0,0
statichigh-bpf,20,200K,h4,8,204800,52.0,15,1,266.9759,265.925,4.1928,273.5086,6.1383,6.1611,0.0965,6.2703,208.9281,208.502,4.0136,215.9238,0.0,0,0.0,0.0,55.7759,55.763,0.0801,55.9101,24.0,24,0.0,24.0,145.0667,142,8.9639,167.0,0.0,0
statichigh-bpf,20,200K,h4,9,204800,52.0,15,1,269.6487,269.091,2.9336,273.6047,6.0767,6.0886,0.0662,6.1855,210.2644,210.912,2.1569,212.9438,0.0,0,0.0,0.0,55.7421,55.74,0.0336,55.7925,24.0,24,0.0,24.0,143.6,142,6.577,150.2,0.0,0
statichigh-bpf,20,200K,h4,10,204800,52.0,15,1,269.4075,270.665,4.762,275.0001,6.0833,6.0532,0.1099,6.2467,209.6741,210.314,3.6348,213.2258,0.0,0,0.0,0.0,55.7467,55.73,0.0688,55.8377,24.0,24,0.0,24.0,142.0,142,1.0,143.0,0.0,0
