policy,bw_mbit,obj_label,obj_bytes,rtt_nominal_ms,n_conn,n_iterations,fct_ms_mean,fct_ms_median,fct_ms_std,fct_ms_p95,goodput_mbps_mean,goodput_mbps_median,goodput_mbps_std,goodput_mbps_p95,trasferimento_ms_mean,trasferimento_ms_median,trasferimento_ms_std,trasferimento_ms_p95,retrans_mean,retrans_median,retrans_std,retrans_p95,srtt_ms_mean,srtt_ms_median,srtt_ms_std,srtt_ms_p95,iw_applied_mean,iw_applied_median,iw_applied_std,iw_applied_p95,max_cwnd_mean,max_cwnd_median,max_cwnd_std,max_cwnd_p95,retrans_flow_pct,penalties_total
ewma,20,10K,10240,,450,10,68.3014,58.5685,46.6096,136.2158,2.2648,1.3987,1.7872,4.8163,35.8797,31.705,22.9311,71.2416,0.0,0.0,0.0,0.0,31.9949,26.6265,22.8289,65.7283,10.0,10.0,0.0,10.0,18.0,18.0,0.0,18.0,0.0,0
lossaware,20,10K,10240,,450,10,68.2079,59.0615,46.1771,133.8436,2.2609,1.387,1.7873,4.7995,35.7021,31.749,22.5788,69.5336,0.0,0.0,0.0,0.0,31.7715,26.628,22.4569,64.769,10.0,10.0,0.0,10.0,18.0,18.0,0.0,18.0,0.0,0
lossaware-disc,20,10K,10240,,450,10,67.9697,58.405,46.2103,134.382,2.2667,1.4026,1.785,4.7991,35.575,31.6855,22.4926,69.1951,0.0,0.0,0.0,0.0,31.8484,26.482,22.6557,65.2361,10.0,10.0,0.0,10.0,18.0,18.0,0.0,18.0,0.0,0
metrics,20,10K,10240,,450,10,67.4861,57.851,45.9142,135.2754,2.274,1.4161,1.7828,4.8203,35.3925,31.3805,22.5131,69.3665,0.0,0.0,0.0,0.0,31.5586,26.277,22.4639,65.5196,10.0,10.0,0.0,10.0,18.0022,18.0,0.0471,18.0,0.0,0
static10,20,10K,10240,,450,10,67.6924,58.317,46.0812,135.5614,2.2717,1.4047,1.7841,4.8235,35.3455,31.5625,22.3881,69.5941,0.0,0.0,0.0,0.0,31.6423,26.472,22.4772,65.1915,10.0,10.0,0.0,10.0,18.0,18.0,0.0,18.0,0.0,0
statichigh,20,10K,10240,,450,10,67.6283,57.6735,46.0961,134.9579,2.2765,1.4204,1.7889,4.8329,35.494,31.346,22.6291,70.0682,0.0,0.0,0.0,0.0,31.8557,26.407,22.4107,65.3987,24.0,24.0,0.0,24.0,24.0,24.0,0.0,24.0,0.0,0
ewma,20,10M,10485760,,450,10,4467.2898,4438.1245,72.3109,4561.1241,18.7827,18.9012,0.3004,19.082,4434.6687,4410.877,50.1938,4496.1764,0.6756,0.0,1.4489,5.0,30.8006,26.7405,18.7628,55.6305,72.9133,87.0,35.8377,110.0,86.0978,102.0,38.0636,126.0,23.556,0
lossaware,20,10M,10485760,,450,10,4467.6855,4437.802,78.0758,4562.6078,18.7817,18.9026,0.3172,19.0821,4434.9347,4410.883,57.8081,4495.0885,0.0867,0.0,0.4049,0.0,30.8155,26.7715,18.7262,55.6141,70.1956,87.0,38.8456,110.0,85.2267,102.0,39.4032,126.0,4.444,141
lossaware-disc,20,10M,10485760,,450,10,4468.2232,4438.286,83.1143,4561.6251,18.7801,18.9006,0.3335,19.0816,4435.6471,4410.739,64.3372,4494.7071,0.0933,0.0,0.4768,0.0,30.8064,26.7275,18.7165,55.61,70.1978,87.0,38.6855,110.0,85.0244,102.0,39.0286,126.0,4.444,141
metrics,20,10M,10485760,,450,10,4533.9675,4470.9845,178.114,4732.515,18.528,18.7623,0.6725,19.0778,4501.0942,4443.939,159.9481,4698.662,0.0022,0.0,0.0471,0.0,30.1861,25.1205,18.9116,55.5936,10.0,10.0,0.0,10.0,71.2311,61.0,40.7929,128.0,0.222,0
static10,20,10M,10485760,,450,10,4526.7706,4470.346,164.5504,4676.8795,18.5538,18.765,0.6267,19.0787,4494.3074,4443.2695,146.2017,4609.7438,0.0,0.0,0.0,0.0,30.1751,25.087,18.9161,55.556,10.0,10.0,0.0,10.0,71.8756,61.0,41.8239,128.0,0.0,0
statichigh,20,10M,10485760,,450,10,4474.3248,4445.3215,77.6321,4588.5585,18.7539,18.8706,0.3224,19.0816,4441.847,4418.683,54.3458,4523.2941,0.0,0.0,0.0,0.0,30.3615,25.208,19.0355,56.3289,24.0,24.0,0.0,24.0,74.1267,47.0,48.1149,142.0,0.0,0
ewma,20,1K,1024,,450,10,66.1703,56.7075,47.5884,136.1875,0.2712,0.1445,0.2386,0.6232,33.6781,29.741,23.819,70.1243,0.0,0.0,0.0,0.0,32.9513,29.5005,23.4383,68.0141,10.0,10.0,0.0,10.0,10.0,10.0,0.0,10.0,0.0,0
lossaware,20,1K,1024,,450,10,66.3128,56.684,47.8728,136.1436,0.2729,0.1445,0.2412,0.6244,33.7099,29.6215,24.0136,71.3356,0.0,0.0,0.0,0.0,33.1158,29.794,23.6031,68.0253,10.0,10.0,0.0,10.0,10.0,10.0,0.0,10.0,0.0,0
lossaware-disc,20,1K,1024,,450,10,66.6124,56.361,48.3035,136.8625,0.2718,0.1453,0.2396,0.6251,33.8415,29.5465,24.1747,70.6075,0.0,0.0,0.0,0.0,33.3175,29.5185,23.9541,68.7416,10.0,10.0,0.0,10.0,10.0,10.0,0.0,10.0,0.0,0
metrics,20,1K,1024,,450,10,65.7203,56.0365,47.3527,135.2834,0.2715,0.1462,0.2376,0.6256,33.4912,29.3025,23.8102,70.4258,0.0,0.0,0.0,0.0,32.7724,28.9075,23.4154,67.88,10.0,10.0,0.0,10.0,10.0,10.0,0.0,10.0,0.0,0
static10,20,1K,1024,,450,10,65.6115,56.794,47.1784,135.7859,0.2735,0.1442,0.2405,0.6268,33.4499,29.378,23.7449,70.1337,0.0,0.0,0.0,0.0,32.7626,29.346,23.3732,68.1016,10.0,10.0,0.0,10.0,10.0,10.0,0.0,10.0,0.0,0
statichigh,20,1K,1024,,450,10,65.6888,56.196,47.2294,135.2965,0.2718,0.1458,0.2383,0.6259,33.4041,29.267,23.7599,69.9834,0.0,0.0,0.0,0.0,32.6971,28.9655,23.3212,67.7848,24.0,24.0,0.0,24.0,24.0,24.0,0.0,24.0,0.0,0
ewma,20,1M,1048576,,450,10,519.2704,491.331,70.446,614.3021,16.4323,17.0732,2.0621,18.5968,486.7865,465.2335,47.8343,546.9129,0.7756,0.0,1.6847,6.0,30.6904,26.7385,18.6369,55.3939,72.9644,87.5,35.8585,110.0,86.2178,102.0,38.0127,126.0,22.889,0
lossaware,20,1M,1048576,,450,10,521.2613,491.6625,80.8326,613.6786,16.4102,17.0617,2.127,18.5963,488.6617,465.269,61.1544,546.9298,0.1044,0.0,0.5341,0.0,30.7307,26.791,18.6003,55.3958,70.4889,87.0,38.6915,110.0,85.6178,102.0,39.459,126.0,4.444,134
lossaware-disc,20,1M,1048576,,450,10,520.639,491.5975,75.9819,613.5613,16.4097,17.064,2.0937,18.5953,488.1292,465.4095,54.9707,546.9598,0.1111,0.0,0.6052,0.0,30.704,26.756,18.6235,55.3825,70.52,88.5,39.0706,110.0,85.5622,102.0,39.7624,126.0,4.444,144
metrics,20,1M,1048576,,450,10,582.7292,524.321,166.211,956.4248,15.2589,15.999,3.1911,18.5705,550.474,497.5985,147.3639,890.1305,0.0,0.0,0.0,0.0,30.1151,25.127,18.7837,55.5558,10.0,10.0,0.0,10.0,69.4667,61.0,40.3599,128.0,0.0,0
static10,20,1M,1048576,,450,10,572.8277,524.4995,143.7191,718.618,15.36,15.9935,2.9978,18.5688,540.5846,497.129,124.4308,651.6554,0.0,0.0,0.0,0.0,30.1383,25.1285,18.83,55.5285,10.0,10.0,0.0,10.0,70.7867,61.0,40.8911,128.0,0.0,0
statichigh,20,1M,1048576,,450,10,527.4325,499.3935,76.3688,639.1906,16.2222,16.7976,2.2053,18.5948,495.3356,473.452,53.1355,575.2504,0.0,0.0,0.0,0.0,30.3372,25.229,18.9242,55.8072,24.0,24.0,0.0,24.0,73.66,47.0,47.73,142.0,0.0,0
ewma,20,200K,204800,,450,10,166.674,138.467,71.1872,261.2684,11.5598,11.8324,4.2429,16.6962,134.0647,112.1495,48.3491,193.5215,0.6756,0.0,1.4581,5.0,30.8669,26.4,19.4208,56.8941,72.3467,87.0,35.7247,110.0,85.8178,102.0,38.1417,126.0,23.556,0
lossaware,20,200K,204800,,450,10,166.3671,138.7465,70.1243,261.2123,11.5584,11.8086,4.232,16.6908,133.791,112.4795,47.164,193.7658,0.1044,0.0,0.5341,0.0,31.0024,26.3965,19.2916,56.8941,70.3422,87.0,38.6958,110.0,85.0844,102.0,38.9475,126.0,4.444,140
lossaware-disc,20,200K,204800,,450,10,167.1506,139.2185,71.8065,261.5258,11.5377,11.7686,4.243,16.6817,134.3989,112.432,49.0352,193.9045,0.1044,0.0,0.5505,0.0,30.9874,26.412,19.3002,56.9186,69.2156,82.5,38.419,110.0,84.54,102.0,39.1279,126.0,4.444,145
metrics,20,200K,204800,,450,10,208.1694,170.944,109.0844,360.6222,10.2541,9.5844,4.8749,16.575,175.879,144.3795,85.7828,295.5823,0.0,0.0,0.0,0.0,30.0137,24.992,18.7835,55.362,10.0,10.0,0.0,10.0,68.8911,61.0,40.2552,127.0,0.0,0
static10,20,200K,204800,,450,10,208.3653,171.661,109.1883,358.0914,10.2497,9.5444,4.8806,16.5906,176.0122,144.541,85.9089,294.2304,0.0,0.0,0.0,0.0,30.0345,24.993,18.7809,55.4136,10.0,10.0,0.0,10.0,68.8489,61.0,40.3894,127.0,0.0,0
statichigh,20,200K,204800,,450,10,174.5717,146.851,76.4815,287.4828,11.239,11.1569,4.4051,16.705,142.0969,120.343,52.8629,220.9548,0.0,0.0,0.0,0.0,30.3509,25.183,19.1121,55.939,24.0,24.0,0.0,24.0,74.2289,47.0,48.188,143.0,0.0,0
ewma,20,30K,30720,,450,10,77.454,66.684,47.7332,142.6606,4.9877,3.6854,3.2995,9.6221,44.9583,39.9,24.8771,75.3808,0.0,0.0,0.0,0.0,31.2627,25.227,19.6189,60.5369,21.2,22.0,2.9967,22.0,38.9044,43.0,6.6639,45.0,0.0,0
lossaware,20,30K,30720,,450,10,77.3912,66.781,47.6265,142.1589,4.9876,3.6801,3.3004,9.6349,44.831,39.816,24.7129,75.3258,0.0,0.0,0.0,0.0,31.2589,25.251,19.6182,59.8844,21.2,22.0,2.9967,22.0,38.9156,43.0,6.6552,45.0,0.0,0
lossaware-disc,20,30K,30720,,450,10,77.7619,66.977,48.1367,142.4066,4.9784,3.6693,3.2995,9.6431,45.1663,39.9165,25.2874,75.3574,0.0,0.0,0.0,0.0,31.2424,25.2495,19.6032,59.9663,21.2,22.0,2.9967,22.0,38.9156,43.0,6.6912,45.0,0.0,0
metrics,20,30K,30720,,450,10,102.4035,88.234,68.6413,201.0529,4.4476,2.7853,3.4766,9.3919,70.1171,61.4865,45.1557,135.4693,0.0,0.0,0.0,0.0,31.4074,25.257,21.7457,65.3021,10.0,10.0,0.0,10.0,30.8,33.0,3.1616,33.0,0.0,0
static10,20,30K,30720,,450,10,102.1854,88.3435,68.6193,202.092,4.4589,2.7819,3.4836,9.4294,69.7875,61.108,44.9002,136.1018,0.0,0.0,0.0,0.0,31.1347,25.242,21.357,63.6694,10.0,10.0,0.0,10.0,30.8133,33.0,3.0644,33.0,0.0,0
statichigh,20,30K,30720,,450,10,75.2734,65.596,45.1251,140.6619,5.0468,3.7466,3.2907,9.6632,43.0477,39.676,21.5903,75.3186,0.0,0.0,0.0,0.0,31.4757,25.2025,18.9049,59.2313,24.0,24.0,0.0,24.0,41.4489,45.0,6.5384,47.0,0.0,0
ewma,50,10K,10240,,450,10,66.6827,57.2595,47.0154,133.9413,2.5467,1.4307,2.1602,5.6592,34.4906,30.1195,23.5536,70.4786,0.0,0.0,0.0,0.0,31.8831,26.575,23.0794,65.5657,10.0,10.0,0.0,10.0,18.0,18.0,0.0,18.0,0.0,0
lossaware,50,10K,10240,,450,10,66.6282,57.386,46.933,133.6072,2.5435,1.4275,2.1545,5.6288,34.1678,29.8075,23.2541,69.7126,0.0,0.0,0.0,0.0,31.7522,26.7055,22.9003,65.1483,10.0,10.0,0.0,10.0,18.0044,18.0,0.0666,18.0,0.0,0
lossaware-disc,50,10K,10240,,450,10,66.594,57.0695,46.928,134.9729,2.5427,1.4354,2.1526,5.6395,34.183,29.692,23.2844,69.7897,0.0,0.0,0.0,0.0,31.7754,26.371,22.989,65.4349,10.0,10.0,0.0,10.0,18.0,18.0,0.0,18.0,0.0,0
metrics,50,10K,10240,,450,10,65.9447,56.5615,46.5024,133.5851,2.5575,1.4483,2.1561,5.6514,33.84,29.4015,23.17,68.9496,0.0,0.0,0.0,0.0,31.4873,25.985,22.7742,65.2411,10.0,10.0,0.0,10.0,18.0022,18.0,0.0471,18.0,0.0,0
static10,50,10K,10240,,450,10,66.1118,57.1585,46.525,134.0833,2.5566,1.4332,2.1621,5.6756,33.8915,29.7225,23.0605,68.6896,0.0,0.0,0.0,0.0,31.4778,26.2355,22.697,65.2447,10.0,10.0,0.0,10.0,18.0,18.0,0.0,18.0,0.0,0
statichigh,50,10K,10240,,450,10,66.7054,56.8695,47.3639,136.106,2.5528,1.4405,2.1617,5.641,34.28,29.624,23.5509,69.9616,0.0,0.0,0.0,0.0,31.9192,26.314,23.1051,66.028,24.0,24.0,0.0,24.0,24.0,24.0,0.0,24.0,0.0,0
ewma,50,10M,10485760,,450,10,1883.7721,1852.6745,117.1258,2027.2061,44.6897,45.2784,2.5855,47.46,1850.5336,1825.7525,95.3219,1960.7042,18.5422,19.0,10.9265,34.0,29.2635,24.4935,19.0053,54.624,139.0822,150.0,85.218,245.0,179.3733,157.0,119.525,357.0,88.444,0
lossaware,50,10M,10485760,,450,10,1895.3082,1837.455,163.4684,2105.3588,44.5278,45.6534,3.1885,47.4922,1862.2294,1810.081,144.6977,2040.4945,4.6156,0.0,7.7469,21.0,29.2627,24.497,19.0126,54.6175,50.4533,33.0,48.1088,149.55,162.4044,143.0,108.054,341.0,47.556,1759
lossaware-disc,50,10M,10485760,,450,10,1876.9347,1833.7805,112.7246,2031.21,44.8477,45.7449,2.5842,47.4927,1843.7516,1808.3685,88.9281,1963.1989,5.4422,2.0,7.5398,18.55,29.2413,24.5755,19.0144,54.6161,86.1622,66.0,67.9206,218.0,168.9133,150.0,109.6335,342.55,64.0,632
metrics,50,10M,10485760,,450,10,1973.5546,1877.905,300.0518,2432.3317,43.2173,44.67,4.8158,47.3459,1940.7733,1851.892,283.5405,2370.5595,0.6622,0.0,10.3281,0.0,29.3391,24.8185,18.9656,54.5288,10.0,10.0,0.0,10.0,150.2178,132.0,92.8013,276.0,1.778,0
static10,50,10M,10485760,,450,10,1989.21,1878.805,351.8355,2936.9738,43.0586,44.6486,5.2002,47.3443,1956.3251,1852.135,336.2229,2875.4116,0.1733,0.0,1.4411,0.0,29.3366,24.809,18.9616,54.5236,10.0,10.0,0.0,10.0,149.5133,132.0,92.1848,275.0,2.0,0
statichigh,50,10M,10485760,,450,10,1888.4236,1843.638,127.1748,2053.5752,44.6127,45.5003,2.8555,47.4811,1855.4201,1817.1685,104.002,1986.5185,3.0311,0.0,11.54,12.0,29.2854,24.45,19.1016,54.8945,24.0,24.0,0.0,24.0,163.1467,147.0,102.4615,307.0,45.111,0
ewma,50,1K,1024,,450,10,66.0425,56.7125,47.5999,135.1327,0.272,0.1444,0.2391,0.6248,33.6854,29.6285,23.9412,71.0026,0.0,0.0,0.0,0.0,32.9622,29.532,23.5169,67.2338,10.0,10.0,0.0,10.0,10.0,10.0,0.0,10.0,0.0,0
lossaware,50,1K,1024,,450,10,66.199,56.843,47.5496,134.9527,0.2723,0.1441,0.2405,0.6246,33.7722,29.767,23.9683,69.6031,0.0,0.0,0.0,0.0,32.9917,29.737,23.4396,67.7106,10.0,10.0,0.0,10.0,10.0,10.0,0.0,10.0,0.0,0
lossaware-disc,50,1K,1024,,450,10,66.3028,56.352,47.84,136.3012,0.2709,0.1454,0.2381,0.6234,33.7541,29.3265,24.0869,70.2929,0.0,0.0,0.0,0.0,33.0997,29.646,23.6088,67.5812,10.0,10.0,0.0,10.0,10.0,10.0,0.0,10.0,0.0,0
metrics,50,1K,1024,,450,10,65.4655,56.674,46.9669,134.5324,0.2728,0.1445,0.2394,0.6265,33.2169,29.342,23.5343,70.096,0.0,0.0,0.0,0.0,32.6154,29.193,23.2082,67.2985,10.0,10.0,0.0,10.0,10.0,10.0,0.0,10.0,0.0,0
static10,50,1K,1024,,450,10,65.4539,56.0,47.0183,133.9706,0.2737,0.1463,0.2405,0.6279,33.2729,29.29,23.5979,68.4121,0.0,0.0,0.0,0.0,32.6626,29.344,23.2535,67.1072,10.0,10.0,0.0,10.0,10.0,10.0,0.0,10.0,0.0,0
statichigh,50,1K,1024,,450,10,66.2128,56.524,47.7731,135.5824,0.273,0.1449,0.2411,0.6267,33.7492,29.664,24.0059,69.752,0.0,0.0,0.0,0.0,32.9296,29.629,23.4578,67.2796,24.0,24.0,0.0,24.0,24.0,24.0,0.0,24.0,0.0,0
ewma,50,1M,1048576,,450,10,305.3697,272.072,124.4417,457.6944,31.3083,30.8323,10.4406,44.2902,272.1182,244.9325,102.9848,390.317,17.8222,17.0,10.7724,34.0,28.7721,24.24,18.6579,54.4241,137.2244,148.0,84.3284,245.0,177.3044,158.0,117.865,357.0,86.889,0
lossaware,50,1M,1048576,,450,10,313.0891,259.955,136.8083,525.1418,31.219,32.2695,10.9315,44.5404,279.8064,231.7415,114.6836,455.8,4.3644,0.0,7.3145,17.55,28.9472,24.271,18.7955,54.5146,47.46,32.0,46.4843,138.0,158.9733,142.0,107.9371,338.1,47.778,1724
lossaware-disc,50,1M,1048576,,450,10,301.3483,256.14,123.112,459.1035,31.8153,32.7501,10.5292,44.5439,268.3717,230.366,101.03,393.2843,5.58,2.0,8.1158,21.0,28.8107,24.104,18.7066,54.3712,84.6778,66.0,67.2564,209.1,166.1489,149.0,109.6548,345.55,62.222,593
metrics,50,1M,1048576,,450,10,365.7643,299.3805,203.5129,555.1801,28.6025,28.0199,11.7275,43.2671,333.1052,273.5755,183.6296,489.7993,0.0489,0.0,0.9015,0.0,29.2398,24.7035,19.0559,54.5546,10.0,10.0,0.0,10.0,141.4911,132.0,90.9436,276.0,0.667,0
static10,50,1M,1048576,,450,10,375.0835,299.7485,213.9226,909.8396,28.296,27.9855,11.9685,43.2596,342.5574,272.8585,194.3047,845.3886,0.3467,0.0,5.0938,0.0,29.2096,24.6935,19.087,54.5541,10.0,10.0,0.0,10.0,138.3511,132.0,91.6227,276.0,2.0,0
statichigh,50,1M,1048576,,450,10,306.4927,265.0675,117.9972,470.2719,31.381,31.6471,10.7741,44.44,273.662,239.114,93.9627,404.2111,2.5311,0.0,3.6598,12.0,28.9649,24.202,18.8528,54.7796,24.0,24.0,0.0,24.0,160.6689,147.0,101.6155,307.0,46.889,0
ewma,50,200K,204800,,450,10,150.9911,135.8495,91.3502,267.7525,17.0778,12.0604,11.5249,33.3283,118.6671,109.4095,68.859,203.221,3.72,3.0,3.7686,9.0,29.5721,25.4395,19.4407,56.7998,91.2156,108.0,48.3989,142.0,103.0978,118.5,47.636,156.0,59.556,0
lossaware,50,200K,204800,,450,10,146.7549,116.4185,91.6516,267.6864,17.6978,14.0734,11.6845,34.6748,114.3294,89.605,68.9577,204.9597,0.5822,0.0,1.6574,4.0,29.7271,25.4695,19.5799,57.7265,75.8378,80.5,46.7707,142.0,104.8578,126.0,45.8756,150.0,16.444,590
lossaware-disc,50,200K,204800,,450,10,148.1666,116.6485,93.3266,269.5837,17.6944,14.0456,11.7923,34.7476,115.6357,89.86,70.8315,203.0999,0.5889,0.0,1.6218,4.0,29.6349,25.445,19.4715,57.0537,75.8911,79.0,46.7713,142.0,105.8067,140.0,46.3867,150.0,19.333,517
metrics,50,200K,204800,,450,10,187.7238,153.6695,128.1643,422.6541,15.319,10.6618,11.1255,31.0723,155.567,126.1835,105.4229,358.9332,0.0,0.0,0.0,0.0,29.1348,24.503,19.4023,56.9553,10.0,10.0,0.0,10.0,94.7756,129.0,49.6579,153.0,0.0,0
static10,50,200K,204800,,450,10,187.2354,152.9265,127.3774,383.9416,15.3601,10.7136,11.1563,31.1101,155.0327,126.28,104.2097,323.1993,0.0,0.0,0.0,0.0,29.2734,24.53,19.579,58.5224,10.0,10.0,0.0,10.0,93.1933,129.0,48.5567,153.0,0.0,0
statichigh,50,200K,204800,,450,10,146.1303,123.5235,90.9717,276.5962,17.8395,13.2639,11.8926,34.3712,113.5826,96.924,67.158,211.3733,0.0,0.0,0.0,0.0,28.9843,24.818,18.6762,53.6395,24.0,24.0,0.0,24.0,116.8556,145.0,52.2964,167.0,0.0,0
ewma,50,30K,30720,,450,10,70.9314,59.34,49.061,137.4941,6.4551,4.1416,5.0204,13.7091,38.3748,32.526,26.0303,72.3278,0.0,0.0,0.0,0.0,31.3001,24.1785,22.2856,66.218,21.2,22.0,2.9967,22.0,42.1667,45.0,3.8763,45.0,0.0,0
lossaware,50,30K,30720,,450,10,70.9793,59.6875,48.7891,137.5844,6.4319,4.1174,5.0028,13.7026,38.4503,32.7275,25.8195,72.046,0.0,0.0,0.0,0.0,31.1888,24.305,22.0475,64.3799,21.2,22.0,2.9967,22.0,42.1844,45.0,3.8599,45.0,0.0,0
lossaware-disc,50,30K,30720,,450,10,70.7808,59.3175,48.4775,137.1126,6.4323,4.1431,4.9996,13.6796,38.3032,32.5785,25.8728,72.1316,0.0,0.0,0.0,0.0,30.914,23.9515,21.8271,64.4702,21.2,22.0,2.9967,22.0,42.1556,45.0,3.9555,45.0,0.0,0
metrics,50,30K,30720,,450,10,99.6082,85.9865,69.5862,198.3481,5.0125,2.8581,4.1984,11.0957,67.4823,58.87,46.2972,134.361,0.0,0.0,0.0,0.0,31.5823,26.409,22.6401,65.4856,10.0,10.0,0.0,10.0,32.8667,33.0,0.8064,33.0,0.0,0
static10,50,30K,30720,,450,10,99.7282,86.226,69.5964,199.4971,4.9924,2.8502,4.1732,11.074,67.4905,59.1275,46.1753,134.851,0.0,0.0,0.0,0.0,31.5162,26.1935,22.5541,65.2369,10.0,10.0,0.0,10.0,32.9111,33.0,0.6614,33.0,0.0,0
statichigh,50,30K,30720,,450,10,68.6649,59.263,45.9218,135.5362,6.5403,4.1469,5.0382,13.6886,36.2331,32.506,22.3442,69.4285,0.0,0.0,0.0,0.0,31.0042,23.933,21.5636,64.2189,24.0,24.0,0.0,24.0,44.7622,47.0,3.0422,47.0,0.0,0
ewma,100,10K,10240,,450,10,66.1543,57.2175,47.1977,134.4287,2.6569,1.4317,2.3065,5.9672,33.5951,29.4935,23.4169,69.2176,0.0,0.0,0.0,0.0,31.6699,26.446,23.0158,65.5192,10.0,10.0,0.0,10.0,18.0067,18.0,0.0815,18.0,0.0,0
lossaware,100,10K,10240,,450,10,66.1346,57.0005,47.089,134.1444,2.6473,1.4372,2.2974,5.9901,33.7038,29.584,23.4452,69.6121,0.0,0.0,0.0,0.0,31.726,26.366,23.0854,65.4584,10.0,10.0,0.0,10.0,18.0111,18.0,0.1049,18.0,0.0,0
lossaware-disc,100,10K,10240,,450,10,66.1113,56.989,47.095,134.2904,2.6517,1.4375,2.2986,5.9721,33.7453,29.814,23.4837,68.6012,0.0,0.0,0.0,0.0,31.669,26.538,22.9948,65.6247,10.0,10.0,0.0,10.0,18.0022,18.0,0.0471,18.0,0.0,0
metrics,100,10K,10240,,450,10,66.31,56.564,47.5402,134.8782,2.6585,1.4483,2.307,5.9779,33.9202,29.585,23.8328,70.3836,0.0,0.0,0.0,0.0,31.7997,26.377,23.197,66.228,10.0,10.0,0.0,10.0,18.0022,18.0,0.0471,18.0,0.0,0
static10,100,10K,10240,,450,10,66.5056,56.731,47.6206,134.6845,2.6496,1.444,2.2995,5.9681,34.0533,29.9415,23.815,69.9556,0.0,0.0,0.0,0.0,31.9158,26.619,23.2631,66.3384,10.0,10.0,0.0,10.0,18.0044,18.0,0.0666,18.0,0.0,0
statichigh,100,10K,10240,,450,10,66.206,56.766,47.3165,134.792,2.6553,1.4431,2.3029,5.9817,33.9296,29.9205,23.7261,69.6786,0.0,0.0,0.0,0.0,31.8722,26.4265,23.1769,65.9437,24.0,24.0,0.0,24.0,24.0,24.0,0.0,24.0,0.0,0
ewma,100,10M,10485760,,450,10,1288.5009,1300.3575,321.2613,1708.8202,68.7254,64.5101,15.5561,89.6074,1255.3741,1271.7105,302.1245,1639.2116,20.9778,13.0,22.055,47.2,27.5247,22.693,19.0576,52.9751,205.1,159.0,150.9207,463.0,219.6844,171.5,147.2523,463.0,99.111,0
lossaware,100,10M,10485760,,450,10,1341.473,1191.4725,451.4982,2121.6,68.1735,70.4054,18.1371,90.013,1308.1962,1164.1865,432.4923,2050.7793,60.7311,25.5,67.9676,220.0,27.8355,22.722,19.2537,53.9349,31.6044,10.0,69.245,159.85,224.8667,176.0,151.7586,479.0,94.444,3405
lossaware-disc,100,10M,10485760,,450,10,1320.9154,1189.3075,439.6118,1941.6815,68.866,70.5336,17.5991,90.0201,1287.6366,1162.621,421.0762,1898.7737,60.0067,30.0,60.7357,201.55,27.7659,22.73,19.1476,53.8684,55.6556,10.0,88.3789,204.0,222.4778,176.0,148.8791,472.0,96.889,161
metrics,100,10M,10485760,,450,10,1425.3664,1190.1755,633.4422,2751.9655,66.8689,70.4821,20.1869,90.029,1392.2575,1163.4995,615.1342,2685.9448,65.4733,34.0,67.9134,218.55,27.8501,22.7285,19.2612,53.883,10.0,10.0,0.0,10.0,217.4489,176.0,144.4357,473.0,93.778,0
static10,100,10M,10485760,,450,10,1429.2929,1191.1095,610.1243,2865.2266,66.534,70.4268,20.2456,89.9921,1396.1809,1163.5395,591.6814,2797.2253,64.1067,33.0,67.8457,216.0,27.8376,22.738,19.2421,53.9641,10.0,10.0,0.0,10.0,215.2489,176.0,141.0171,465.1,92.889,0
statichigh,100,10M,10485760,,450,10,1250.043,1029.299,418.5574,2004.4821,73.2982,81.4983,18.9772,91.2902,1216.8903,1001.615,396.2952,1938.8938,74.5044,29.0,72.2534,221.55,28.2495,23.868,19.1021,54.1471,24.0,24.0,0.0,24.0,236.2111,206.0,154.4446,478.0,93.333,0
ewma,100,1K,1024,,450,10,66.0658,56.516,47.5698,134.5044,0.2723,0.145,0.2399,0.6284,33.604,29.5455,23.7914,69.0423,0.0,0.0,0.0,0.0,32.9564,29.0905,23.5198,67.397,10.0,10.0,0.0,10.0,10.0,10.0,0.0,10.0,0.0,0
lossaware,100,1K,1024,,450,10,66.04,56.6855,47.3953,134.8592,0.2722,0.1445,0.24,0.6248,33.4231,29.555,23.6288,68.7354,0.0,0.0,0.0,0.0,32.9727,29.5345,23.443,67.4853,10.0,10.0,0.0,10.0,10.0,10.0,0.0,10.0,0.0,0
lossaware-disc,100,1K,1024,,450,10,66.0578,56.593,47.583,135.7536,0.2713,0.1448,0.2382,0.6256,33.5258,29.51,23.7116,69.8578,0.0,0.0,0.0,0.0,33.0827,29.654,23.6439,67.9619,10.0,10.0,0.0,10.0,10.0,10.0,0.0,10.0,0.0,0
metrics,100,1K,1024,,450,10,65.8218,56.657,47.1681,134.5869,0.2723,0.1446,0.2398,0.6247,33.579,29.5715,23.7299,69.6026,0.0,0.0,0.0,0.0,32.9264,29.8425,23.3602,67.4024,10.0,10.0,0.0,10.0,10.0,10.0,0.0,10.0,0.0,0
static10,100,1K,1024,,450,10,66.2695,56.8905,47.5716,134.2565,0.2717,0.144,0.2399,0.6246,33.8006,29.8195,24.0105,69.9442,0.0,0.0,0.0,0.0,33.1459,29.7765,23.5637,67.3546,10.0,10.0,0.0,10.0,10.0,10.0,0.0,10.0,0.0,0
statichigh,100,1K,1024,,450,10,65.8746,56.267,47.4222,135.6784,0.2724,0.1456,0.2394,0.6247,33.6532,29.5455,23.9451,69.3346,0.0,0.0,0.0,0.0,32.9175,29.3055,23.4784,68.1183,24.0,24.0,0.0,24.0,24.0,24.0,0.0,24.0,0.0,0
ewma,100,1M,1048576,,450,10,300.1957,258.7165,174.0969,580.5465,39.478,32.4239,22.2989,75.7014,267.0396,231.1695,151.1246,518.8806,24.7156,21.0,25.9646,83.65,27.8211,22.565,19.7569,55.7897,159.0444,130.0,108.7745,341.0,179.4089,153.0,114.8923,398.0,93.111,0
lossaware,100,1M,1048576,,450,10,326.3861,270.7315,204.7715,623.4461,38.3905,30.985,23.0794,70.4019,293.4933,243.8735,182.9968,559.1733,43.6422,13.0,43.6062,106.0,28.4042,22.6545,20.4903,59.3564,27.4089,10.0,33.3662,98.0,164.6133,156.0,113.3754,429.65,80.444,2881
lossaware-disc,100,1M,1048576,,450,10,302.8467,268.242,181.7087,580.7041,39.6253,31.2726,22.4064,70.4621,269.9347,242.17,159.44,523.3179,37.5689,13.0,39.0945,105.0,28.1553,22.6185,20.2116,58.0746,65.5756,10.0,73.6966,217.0,169.0222,156.0,111.7766,438.75,79.333,43
metrics,100,1M,1048576,,450,10,363.0016,272.8445,258.9077,801.769,37.3044,30.745,23.9063,70.3888,330.0231,246.1595,237.8146,733.3056,45.3,12.0,43.64,105.0,28.624,22.6355,20.8909,60.2004,10.0,10.0,0.0,10.0,159.5089,156.0,107.2262,390.55,79.778,0
static10,100,1M,1048576,,450,10,369.3593,273.348,269.3629,958.278,37.1791,30.6884,23.8813,70.402,336.3436,246.196,248.1201,892.7144,45.3911,13.0,43.1129,105.0,28.6072,22.6465,20.7927,60.262,10.0,10.0,0.0,10.0,156.3756,156.0,107.3579,399.1,80.222,0
statichigh,100,1M,1048576,,450,10,299.5078,223.623,196.9455,601.6831,43.154,37.5123,25.6519,77.6578,266.3298,196.9875,172.7009,535.3833,55.7733,16.0,52.4212,123.0,28.4438,23.93,20.0923,57.3825,24.0,24.0,0.0,24.0,166.4111,180.0,105.1781,396.0,80.667,0
ewma,100,200K,204800,,450,10,150.3298,144.6255,91.5992,268.9778,18.2587,11.3286,13.4719,40.7138,117.7634,117.8905,68.5355,203.8894,8.8267,4.0,10.2562,26.0,30.5827,25.244,21.3993,63.2237,105.68,115.0,41.3212,142.0,114.7511,142.0,33.452,142.0,58.889,0
lossaware,100,200K,204800,,450,10,146.9173,120.053,91.8444,273.6791,17.9803,13.6473,12.2499,36.0795,114.3777,93.364,68.6629,205.9939,3.7,0.0,5.019,13.0,30.1755,23.8595,22.098,63.9961,67.4378,63.0,53.6764,142.0,107.2,116.0,32.8944,142.0,42.0,1524
lossaware-disc,100,200K,204800,,450,10,147.2895,120.6435,92.5379,268.4146,17.9953,13.5805,12.3339,36.1778,114.5501,93.3455,69.3868,203.2267,3.7556,0.0,4.8636,12.0,30.0895,23.9535,21.7262,64.0402,66.5867,71.5,50.7503,142.0,105.2689,115.0,33.1991,142.0,45.111,261
metrics,100,200K,204800,,450,10,185.9734,151.0235,130.9419,430.8108,16.7702,10.8486,13.1904,36.2108,153.1398,123.9145,107.2685,364.5041,3.4267,0.0,5.0065,13.0,29.8537,23.374,22.0624,64.5783,10.0,10.0,0.0,10.0,103.5644,91.0,48.196,153.0,33.333,0
static10,100,200K,204800,,450,10,185.5153,152.751,128.3135,392.4604,16.714,10.726,13.1876,36.1762,152.7587,126.587,104.6947,324.6811,3.3933,0.0,4.9621,12.0,30.1614,23.3835,22.235,65.328,10.0,10.0,0.0,10.0,102.4733,73.0,47.1522,153.0,33.333,0
statichigh,100,200K,204800,,450,10,149.1462,120.7625,105.7059,325.5355,20.4631,13.5671,15.5838,42.5079,116.2865,93.9105,81.8086,261.1712,4.5956,0.0,6.5797,15.55,30.0036,23.456,22.3092,65.9437,24.0,24.0,0.0,24.0,119.2111,137.5,49.4233,167.0,33.333,0
ewma,100,30K,30720,,450,10,69.3208,58.2585,49.515,136.4362,7.1789,4.2184,5.9769,15.9638,36.949,30.453,26.7828,72.2998,0.0,0.0,0.0,0.0,31.0238,24.5755,22.5622,65.4236,21.2267,22.0,2.9498,22.0,44.2044,45.0,3.0516,45.0,0.0,0
lossaware,100,30K,30720,,450,10,69.6546,58.4105,49.6399,137.4425,7.1592,4.2075,5.9787,15.9611,37.0992,30.4885,26.8731,72.047,0.0,0.0,0.0,0.0,31.0097,24.9905,22.4749,65.0989,21.2,22.0,2.9967,22.0,44.1889,45.0,3.0471,45.0,0.0,0
lossaware-disc,100,30K,30720,,450,10,69.4661,58.1575,49.5404,135.9111,7.1734,4.2258,5.9888,16.0066,37.0769,30.476,26.962,71.228,0.0,0.0,0.0,0.0,31.1914,24.7145,22.7522,65.3931,21.2,22.0,2.9967,22.0,44.1889,45.0,3.0471,45.0,0.0,0
metrics,100,30K,30720,,450,10,99.4119,86.108,70.0191,198.9592,5.2165,2.8541,4.5,11.8787,67.095,59.2375,46.5134,134.3955,0.0,0.0,0.0,0.0,31.6824,26.799,22.7044,65.2638,10.0,10.0,0.0,10.0,32.8222,33.0,0.9269,33.0,0.0,0
static10,100,30K,30720,,450,10,99.7718,85.814,70.3456,199.1474,5.1794,2.8639,4.4533,11.8262,67.3339,59.139,46.7453,134.7255,0.0,0.0,0.0,0.0,31.745,26.9495,22.8003,65.7561,10.0,10.0,0.0,10.0,32.8667,33.0,0.8064,33.0,0.0,0
statichigh,100,30K,30720,,450,10,67.2105,57.916,46.7144,134.2398,7.309,4.2434,6.0464,16.0051,34.7984,30.457,23.1172,69.7324,0.0,0.0,0.0,0.0,31.1767,24.6725,22.5602,65.6693,24.0,24.0,0.0,24.0,46.6667,47.0,0.4719,47.0,0.0,0
